Sean Mckenzie,Dreaming,99 : Raw Comedy,2024-11-24 08:00:15,16.3896,20.1276
Sean Mckenzie,Dreaming,99 : Raw Comedy,2024-11-08 03:00:12,16.3896,20.1276
Sean Mckenzie,Dreaming,99 : Raw Comedy,2024-08-07 22:03:33,16.7453,20.5644
Sean Mckenzie,Dreaming,99 : Raw Comedy,2024-08-07 17:03:07,16.7453,20.5644
Sean Mckenzie,Dreaming,99 : Raw Comedy,2024-08-07 10:04:44,16.7453,20.5644
Sean Mckenzie,Dreaming,99 : Raw Comedy,2024-06-09 05:30:33,17.2859,21.2283
Sean Mckenzie,Dreaming,99 : Raw Comedy,2024-06-02 12:14:08,17.2859,21.2283
Sean Mckenzie,Dreaming,99 : Raw Comedy,2024-05-28 20:18:59,17.1658,21.0808
Sean Mckenzie,Dreaming,99 : Raw Comedy,2024-05-15 17:13:29,17.1658,21.0808
Sean Mckenzie,Dreaming,99 : Raw Comedy,2024-05-13 10:52:32,17.1658,21.0808
Sean Mckenzie,Dreaming,99 : Raw Comedy,2024-05-04 02:32:33,17.1658,21.0808
Sean Mckenzie,Dreaming,99 : Raw Comedy,2024-04-28 14:37:31,17.4859,21.4739
Sean Mckenzie,Dreaming,99 : Raw Comedy,2024-04-21 07:13:34,17.4859,21.4739
Sean Mckenzie,Dreaming,99 : Raw Comedy,2024-04-18 00:35:06,17.4859,21.4739
